{
    "train_loss": [
        0.8759214521750159,
        0.5058461476279341,
        0.39063539955279103,
        0.3141233749363733,
        0.23254814298580523,
        0.17831453510924525,
        0.11614759713816254,
        0.12892197353927337,
        0.10120577190030852,
        0.08528216357302407,
        0.08498459018301219,
        0.0742972626188851,
        0.06328015024875007,
        0.06092147518495988,
        0.05384408942747699,
        0.04948588979491235,
        0.05801713164217527,
        0.05402140735152542,
        0.04630821488630634,
        0.0470590402027997
    ],
    "val_loss": [
        0.6304640964321468,
        0.5376909530681112,
        0.4992707229178885,
        0.537226193624994,
        0.5717415071052053,
        0.5971538152383722,
        0.6440029818078746,
        0.6777770201797071,
        0.7354234184907831,
        0.752524178961049,
        0.7981636627860691,
        0.7623811273471169,
        0.7959402553413225,
        0.7873378149841143,
        0.8315871915091639,
        0.8321137441241223,
        0.87725063899289,
        0.893790092157281,
        0.8729386355565942,
        0.8932004182235055
    ],
    "train_acc": [
        69.9556162512803,
        81.42710822806418,
        85.62649368385114,
        88.56264936838511,
        92.21577330146808,
        94.50324342779105,
        96.55172413793103,
        96.31273472174804,
        97.06384431546603,
        97.26869238648003,
        97.13212700580402,
        97.54182314783202,
        97.91737794469103,
        98.01980198019803,
        98.12222601570502,
        98.22465005121202,
        98.05394332536702,
        98.15636736087401,
        98.22465005121202,
        98.22465005121202
    ],
    "val_acc": [
        77.21691678035471,
        80.76398362892223,
        81.9918144611187,
        81.44611186903138,
        80.0818553888131,
        80.0818553888131,
        80.35470668485675,
        79.26330150068213,
        79.53615279672579,
        80.0818553888131,
        79.80900409276944,
        80.76398362892223,
        80.35470668485675,
        80.90040927694406,
        78.1718963165075,
        79.67257844474761,
        78.58117326057298,
        81.17326057298772,
        79.1268758526603,
        80.90040927694406
    ],
    "params_M": 4.013953
}