{
  "latency_ms": 9.855745944976807,
  "throughput_ips": 714.1418006842399,
  "params_M": 4.218851,
  "macs": 414349826.0,
  "flops": 828699652.0
}