{
  "train_loss": [
    1.459367776694505,
    0.8850843647251958,
    0.5999586306836294,
    0.4395429838610732,
    0.33473914902171364,
    0.23354837589937708,
    0.18054893301071032,
    0.16892645717598498,
    0.13543717513549264,
    0.13154915191293898,
    0.0875838217376124,
    0.09719116323242855,
    0.11221620704189104,
    0.0804133778994741,
    0.08815233406873987,
    0.07216529804914583,
    0.07183063594351077,
    0.07688070830646092,
    0.060072071560526914,
    0.06533890287391841
  ],
  "val_loss": [
    1.093621956265491,
    0.8811342223830845,
    0.9162870606650477,
    1.0506830837415613,
    1.0928118850873865,
    1.3243369550808617,
    1.600059960199439,
    1.378216160380322,
    1.607664020165153,
    1.8092304519985034,
    1.5305921318738356,
    1.729431336340697,
    1.7151909302110258,
    1.8750201852425286,
    1.7485551393550376,
    1.8894214992937834,
    2.059143496596295,
    1.9926874482113381,
    2.041725104269774,
    1.9680373655713124
  ],
  "train_acc": [
    58.484124274496416,
    74.53055650392625,
    84.02185046090815,
    86.78729941959713,
    90.71355411403209,
    93.17173096620007,
    94.87879822465005,
    95.32263571184704,
    96.31273472174804,
    96.72243086377603,
    97.61010583817003,
    97.30283373164903,
    96.96142027995903,
    97.50768180266303,
    97.54182314783202,
    97.74667121884602,
    98.15636736087401,
    97.61010583817003,
    97.95151928986002,
    98.01980198019803
  ],
  "val_acc": [
    69.57708049113234,
    76.6712141882674,
    74.21555252387449,
    77.48976807639836,
    77.35334242837654,
    78.71759890859481,
    79.39972714870396,
    78.71759890859481,
    79.26330150068213,
    78.85402455661665,
    79.94542974079127,
    78.99045020463848,
    81.03683492496589,
    80.35470668485675,
    81.44611186903138,
    80.90040927694406,
    81.58253751705321,
    81.03683492496589,
    81.71896316507504,
    81.58253751705321
  ],
  "val_f1": [
    54.149882708699515,
    61.46393942508651,
    59.794764344380056,
    62.4480112295825,
    63.97739713226622,
    64.49999932438992,
    60.39131986572194,
    64.18261940182859,
    63.213136896334696,
    59.63109728016648,
    65.71625295717347,
    62.78814966136409,
    66.99096018692387,
    65.12023392809895,
    66.63833393588392,
    64.78629944405252,
    64.60657285916106,
    62.78342172178777,
    66.14223185783861,
    66.71723690628927
  ],
  "val_auc": [
    88.89697252181152,
    92.69530630303981,
    92.69248721646667,
    92.88710829643183,
    92.2895569579574,
    90.85682090794748,
    89.78677462887231,
    91.79592673647043,
    91.38588014588984,
    88.59389684092143,
    91.19409056591114,
    90.30118867182073,
    90.91007414960067,
    89.19273173805865,
    90.92529605609037,
    90.78319456723658,
    90.23442005379347,
    90.31125077205841,
    89.3461031669909,
    90.07231196052793
  ],
  "params_M": 4.218851,
  "clahe": {
    "clip_limit": 2.0,
    "tile_grid_size": [
      8,
      8
    ]
  },
  "class_weights": [
    0.4056786703601108,
    1.979054054054054,
    0.7331664580725907,
    3.803896103896104,
    2.4822033898305085
  ],
  "attention_bridge": "CBAM-style"
}