{
  "train_size": 3112,
  "val_size": 550,
  "class_counts_train": [
    1534.0,
    314.0,
    849.0,
    164.0,
    251.0
  ],
  "class_weights": [
    0.40573662519454956,
    1.9821655750274658,
    0.7330977916717529,
    3.795121908187866,
    2.4796812534332275
  ]
}