{
  "class_counts_train": [
    1444.0,
    296.0,
    799.0,
    154.0,
    236.0
  ],
  "class_weights": [
    0.4056786596775055,
    1.9790540933609009,
    0.7331664562225342,
    3.803896188735962,
    2.482203483581543
  ]
}