{
    "train_loss": [
        0.8535953996622044,
        0.4984428132681743,
        0.3917607135422852,
        0.2911133265689663,
        0.21245576182137366,
        0.15579536476213,
        0.13994370004081208,
        0.11084818143559538,
        0.09099338529631495,
        0.08970378430398263,
        0.07800246837913342,
        0.07344005844535549,
        0.06557638887012296,
        0.05225842138347418,
        0.050258924486115575,
        0.050325419928412884,
        0.04538398118229057,
        0.04960523000614637,
        0.04470690956298748,
        0.04612163829227464
    ],
    "val_loss": [
        0.622057961381,
        0.554971193489821,
        0.5268896209157031,
        0.5646597950354867,
        0.609783938397532,
        0.7234223860761394,
        0.713366272656814,
        0.7384771879600442,
        0.7683202423479246,
        0.8046674080516981,
        0.8201543708210406,
        0.8166300589623658,
        0.855819482518279,
        0.8808915181004483,
        0.8466536026933918,
        0.9085313321455665,
        0.9368678279544996,
        0.9860579824965933,
        0.9123372513314952,
        0.9288049871506898
    ],
    "train_acc": [
        70.60430180949129,
        81.42710822806418,
        85.38750426766815,
        89.34790030727211,
        93.00102424035506,
        94.98122226015705,
        95.83475588938204,
        96.96142027995903,
        96.96142027995903,
        97.30283373164903,
        97.54182314783202,
        97.91737794469103,
        97.81495390918403,
        98.39535677705702,
        98.42949812222602,
        98.25879139638101,
        98.49778081256402,
        98.53192215773302,
        98.46363946739501,
        98.36121543188801
    ],
    "val_acc": [
        77.21691678035471,
        80.21828103683492,
        82.26466575716235,
        79.53615279672579,
        80.76398362892223,
        82.26466575716235,
        81.85538881309687,
        81.58253751705321,
        80.21828103683492,
        81.58253751705321,
        81.17326057298772,
        80.35470668485675,
        82.12824010914052,
        81.03683492496589,
        80.90040927694406,
        82.26466575716235,
        82.67394270122783,
        82.26466575716235,
        81.03683492496589,
        80.0818553888131
    ],
    "params_M": 4.013953,
    "clahe": {
        "clip_limit": 2.0,
        "tile_grid_size": [
            8,
            8
        ]
    },
    "val_f1_last": 64.54827693529724,
    "val_auc_last": 91.51563055968327
}