diagnosis,count,class_name,percentage
0,1805,No DR,49.29000546149645
1,370,Mild,10.103768432550519
2,999,Moderate,27.2801747678864
3,193,Severe,5.270344074276352
4,295,Proliferative DR,8.055707263790278
