{
    "train_loss": [
        1.239285040160884,
        0.7984539487439654,
        0.5799373650680417,
        0.4307996556162834,
        0.3437174682545921,
        0.2693285615709813,
        0.18781495831258918,
        0.15014827010505225,
        0.14120464747690636,
        0.12317032259686486,
        0.10350670368896554,
        0.10508991441810908,
        0.09439222916009148,
        0.08608468405841647,
        0.10379227059488387,
        0.10752343406657809,
        0.07901673982648746,
        0.08345417354417883,
        0.06757778244892783,
        0.06728348946553128
    ],
    "val_loss": [
        0.9875134462895601,
        0.8536262278971465,
        0.896022766828537,
        1.0035034120082855,
        1.0051992069119993,
        1.1185167043105415,
        1.2699176086031871,
        1.3542810432288959,
        1.5311313919399097,
        1.4507242622582808,
        1.4379340941491334,
        1.5039562479309414,
        1.485119034414706,
        1.5538265433000482,
        1.7171086254327192,
        1.5549855309983958,
        1.6490326096182284,
        1.6538232862949371,
        1.717139888068904,
        1.7168438745581585
    ],
    "train_acc": [
        58.82553772618641,
        77.22772277227723,
        83.71457835438716,
        88.11881188118812,
        89.65517241379311,
        92.93274155001707,
        94.81051553431205,
        96.44930010242403,
        96.51758279276204,
        96.68828951860704,
        97.43939911232502,
        97.40525776715603,
        97.26869238648003,
        97.74667121884602,
        97.47354045749402,
        96.96142027995903,
        97.84909525435302,
        97.74667121884602,
        98.19050870604302,
        98.15636736087401
    ],
    "val_acc": [
        69.16780354706685,
        72.98772169167803,
        76.53478854024557,
        78.44474761255115,
        78.71759890859481,
        80.21828103683492,
        79.80900409276944,
        82.12824010914052,
        81.58253751705321,
        81.9918144611187,
        81.58253751705321,
        82.12824010914052,
        81.44611186903138,
        80.76398362892223,
        80.6275579809004,
        79.80900409276944,
        81.9918144611187,
        80.49113233287858,
        80.21828103683492,
        78.03547066848567
    ],
    "val_f1": [
        54.56265210928704,
        58.91773298694558,
        62.63196728716972,
        63.850500383303064,
        64.34259553489554,
        65.57013569576547,
        64.37850751956333,
        67.3714863003806,
        67.19418183458602,
        66.34573785986714,
        66.08024054798248,
        68.0764636665283,
        66.76465694487803,
        65.70868053841536,
        64.65188027850752,
        64.67875762844967,
        67.48644346716806,
        65.31468157939628,
        64.29596214994446,
        59.706908241646616
    ],
    "val_auc": [
        90.49966396476358,
        92.6753221078684,
        92.15376068491051,
        91.31864305910999,
        91.76357414505425,
        91.64464060173584,
        90.34358227255368,
        90.48486457699344,
        89.4266802951622,
        90.244340559177,
        91.58744958542947,
        91.1063726650928,
        90.72263045164026,
        91.31107643595972,
        90.10074117009908,
        91.71144571707171,
        91.09017968741524,
        91.77897366891455,
        90.8072717336555,
        90.49457474307434
    ],
    "params_M": 4.013953,
    "class_weights": [
        0.4056786703601108,
        1.979054054054054,
        0.7331664580725907,
        3.803896103896104,
        2.4822033898305085
    ]
}